orderId,customer,amount,date
ORD-0001,Beta Ltd,76.37,2026-02-02
ORD-0002,Cedar Systems,77.74,2026-09-03
ORD-0003,Delta Retail,79.11,2026-10-04
ORD-0004,Evergreen Labs,80.48,2026-12-05
ORD-0005,Acme Co,81.85,2026-01-06
ORD-0006,Beta Ltd,83.22,2026-02-07
ORD-0007,Cedar Systems,84.59,2026-09-08
ORD-0008,Delta Retail,85.96,2026-10-09
ORD-0009,Evergreen Labs,87.33,2026-12-10
ORD-0010,Acme Co,88.70,2026-01-11
ORD-0011,Beta Ltd,90.07,2026-02-12
ORD-0012,Cedar Systems,91.44,2026-09-13
ORD-0013,Delta Retail,92.81,2026-10-14
ORD-0014,Evergreen Labs,94.18,2026-12-15
ORD-0015,Acme Co,95.55,2026-01-16
ORD-0016,Beta Ltd,96.92,2026-02-17
ORD-0017,Cedar Systems,98.29,2026-09-18
ORD-0018,Delta Retail,99.66,2026-10-19
ORD-0019,Evergreen Labs,101.03,2026-12-20
ORD-0020,Acme Co,102.40,2026-01-21
ORD-0021,Beta Ltd,103.77,2026-02-22
ORD-0022,Cedar Systems,105.14,2026-09-23
ORD-0023,Delta Retail,106.51,2026-10-24
ORD-0024,Evergreen Labs,107.88,2026-12-25
ORD-0025,Acme Co,109.25,2026-01-26
ORD-0026,Beta Ltd,110.62,2026-02-27
ORD-0027,Cedar Systems,111.99,2026-09-28
ORD-0028,Delta Retail,113.36,2026-10-01
ORD-0029,Evergreen Labs,114.73,2026-12-02
ORD-0030,Acme Co,116.10,2026-01-03
ORD-0031,Beta Ltd,117.47,2026-02-04
ORD-0032,Cedar Systems,118.84,2026-09-05
ORD-0033,Delta Retail,120.21,2026-10-06
ORD-0034,Evergreen Labs,121.58,2026-12-07
ORD-0035,Acme Co,122.95,2026-01-08
ORD-0036,Beta Ltd,124.32,2026-02-09
ORD-0037,Cedar Systems,125.69,2026-09-10
ORD-0038,Delta Retail,127.06,2026-10-11
ORD-0039,Evergreen Labs,128.43,2026-12-12
ORD-0040,Acme Co,129.80,2026-01-13
ORD-0041,Beta Ltd,131.17,2026-02-14
ORD-0042,Cedar Systems,132.54,2026-09-15
ORD-0043,Delta Retail,133.91,2026-10-16
ORD-0044,Evergreen Labs,135.28,2026-12-17
ORD-0045,Acme Co,136.65,2026-01-18
ORD-0046,Beta Ltd,138.02,2026-02-19
ORD-0047,Cedar Systems,139.39,2026-09-20
ORD-0048,Delta Retail,140.76,2026-10-21
ORD-0049,Evergreen Labs,142.13,2026-12-22
ORD-0050,Acme Co,143.50,2026-01-23
ORD-0051,Beta Ltd,144.87,2026-02-24
ORD-0052,Cedar Systems,146.24,2026-09-25
ORD-0053,Delta Retail,147.61,2026-10-26
ORD-0054,Evergreen Labs,148.98,2026-12-27
ORD-0055,Acme Co,150.35,2026-01-28
ORD-0056,Beta Ltd,151.72,2026-02-01
ORD-0057,Cedar Systems,153.09,2026-09-02
ORD-0058,Delta Retail,154.46,2026-10-03
ORD-0059,Evergreen Labs,155.83,2026-12-04
ORD-0060,Acme Co,157.20,2026-01-05
ORD-0061,Beta Ltd,158.57,2026-02-06
ORD-0062,Cedar Systems,159.94,2026-09-07
ORD-0063,Delta Retail,161.31,2026-10-08
ORD-0064,Evergreen Labs,162.68,2026-12-09
ORD-0065,Acme Co,164.05,2026-01-10
ORD-0066,Beta Ltd,165.42,2026-02-11
ORD-0067,Cedar Systems,166.79,2026-09-12
ORD-0068,Delta Retail,168.16,2026-10-13
ORD-0069,Evergreen Labs,169.53,2026-12-14
ORD-0070,Acme Co,170.90,2026-01-15
ORD-0071,Beta Ltd,172.27,2026-02-16
ORD-0072,Cedar Systems,75.64,2026-09-17
ORD-0073,Delta Retail,77.01,2026-10-18
ORD-0074,Evergreen Labs,78.38,2026-12-19
ORD-0075,Acme Co,79.75,2026-01-20
ORD-0076,Beta Ltd,81.12,2026-02-21
ORD-0077,Cedar Systems,82.49,2026-09-22
ORD-0078,Delta Retail,83.86,2026-10-23
ORD-0079,Evergreen Labs,85.23,2026-12-24
ORD-0080,Acme Co,86.60,2026-01-25
ORD-0081,Beta Ltd,87.97,2026-02-26
ORD-0082,Cedar Systems,89.34,2026-09-27
ORD-0083,Delta Retail,90.71,2026-10-28
ORD-0084,Evergreen Labs,92.08,2026-12-01
ORD-0085,Acme Co,93.45,2026-01-02
ORD-0086,Beta Ltd,94.82,2026-02-03
ORD-0087,Cedar Systems,96.19,2026-09-04
ORD-0088,Delta Retail,97.56,2026-10-05
ORD-0089,Evergreen Labs,98.93,2026-12-06
ORD-0090,Acme Co,100.30,2026-01-07
ORD-0091,Beta Ltd,101.67,2026-02-08
ORD-0092,Cedar Systems,103.04,2026-09-09
ORD-0093,Delta Retail,104.41,2026-10-10
ORD-0094,Evergreen Labs,105.78,2026-12-11
ORD-0095,Acme Co,107.15,2026-01-12
ORD-0096,Beta Ltd,108.52,2026-02-13
ORD-0097,Cedar Systems,109.89,2026-09-14
ORD-0098,Delta Retail,111.26,2026-10-15
ORD-0099,Evergreen Labs,112.63,2026-12-16
ORD-0100,Acme Co,114.00,2026-01-17
ORD-0101,Beta Ltd,115.37,2026-02-18
ORD-0102,Cedar Systems,116.74,2026-09-19
ORD-0103,Delta Retail,118.11,2026-10-20
ORD-0104,Evergreen Labs,119.48,2026-12-21
ORD-0105,Acme Co,120.85,2026-01-22
ORD-0106,Beta Ltd,122.22,2026-02-23
ORD-0107,Cedar Systems,123.59,2026-09-24
ORD-0108,Delta Retail,124.96,2026-10-25
ORD-0109,Evergreen Labs,126.33,2026-12-26
ORD-0110,Acme Co,127.70,2026-01-27
ORD-0111,Beta Ltd,129.07,2026-02-28
ORD-0112,Cedar Systems,130.44,2026-09-01
ORD-0113,Delta Retail,131.81,2026-10-02
ORD-0114,Evergreen Labs,133.18,2026-12-03
ORD-0115,Acme Co,134.55,2026-01-04
ORD-0116,Beta Ltd,135.92,2026-02-05
ORD-0117,Cedar Systems,137.29,2026-09-06
ORD-0118,Delta Retail,138.66,2026-10-07
ORD-0119,Evergreen Labs,140.03,2026-12-08
ORD-0120,Acme Co,141.40,2026-01-09
ORD-0121,Beta Ltd,142.77,2026-02-10
ORD-0122,Cedar Systems,144.14,2026-09-11
ORD-0123,Delta Retail,145.51,2026-10-12
ORD-0124,Evergreen Labs,146.88,2026-12-13
ORD-0125,Acme Co,148.25,2026-01-14
ORD-0126,Beta Ltd,149.62,2026-02-15
ORD-0127,Cedar Systems,150.99,2026-09-16
ORD-0128,Delta Retail,152.36,2026-10-17
ORD-0129,Evergreen Labs,153.73,2026-12-18
ORD-0130,Acme Co,155.10,2026-01-19
ORD-0131,Beta Ltd,156.47,2026-02-20
ORD-0132,Cedar Systems,157.84,2026-09-21
ORD-0133,Delta Retail,159.21,2026-10-22
ORD-0134,Evergreen Labs,160.58,2026-12-23
ORD-0135,Acme Co,161.95,2026-01-24
ORD-0136,Beta Ltd,163.32,2026-02-25
ORD-0137,Cedar Systems,164.69,2026-09-26
ORD-0138,Delta Retail,166.06,2026-10-27
ORD-0139,Evergreen Labs,167.43,2026-12-28
ORD-0140,Acme Co,168.80,2026-01-01
ORD-0141,Beta Ltd,170.17,2026-02-02
ORD-0142,Cedar Systems,171.54,2026-09-03
ORD-0143,Delta Retail,172.91,2026-10-04
ORD-0144,Evergreen Labs,76.28,2026-12-05
ORD-0145,Acme Co,77.65,2026-01-06
ORD-0146,Beta Ltd,79.02,2026-02-07
ORD-0147,Cedar Systems,80.39,2026-09-08
ORD-0148,Delta Retail,81.76,2026-10-09
ORD-0149,Evergreen Labs,83.13,2026-12-10
ORD-0150,Acme Co,84.50,2026-01-11
